{"cameraMode":{"drawMode":0,"name":"Shaded","section":"Shading Mode"},"sceneLighting":true,"audioPlay":false,"sceneViewState":{"showFog":false,"showMaterialUpdate":false,"showSkybox":false,"showFlares":false,"showImageEffects":false,"showParticleSystems":false},"in2DMode":false,"pivot":{"x":-5.532190322875977,"y":13.519269943237305,"z":-1.2678947448730469},"rotation":{"x":-0.07073599845170975,"y":-0.02034955658018589,"z":0.001443465705960989,"w":-0.9972864985466003},"size":40.15004348754883,"orthographic":false}